iter	MAPE
0	0.003239765792
1	0.003201519344
2	0.003163437272
3	0.003127705576
4	0.00309244157
5	0.003061341494
6	0.003031343599
7	0.003001168924
8	0.002973722035
9	0.002949185109
10	0.002924375931
11	0.002900960628
12	0.002879416894
13	0.002860709251
14	0.002841757105
15	0.002823259019
16	0.002805605317
17	0.002789381211
18	0.00277368403
19	0.00275998656
20	0.002745770959
21	0.002731638256
22	0.002718398382
23	0.002707008701
24	0.002694931124
25	0.002684769028
26	0.00267513069
27	0.002665435361
28	0.002654971902
29	0.002646457619
30	0.002636988335
31	0.002628258471
32	0.002620931668
33	0.002612812659
34	0.00260460384
35	0.002596882542
36	0.002589807081
37	0.002583408439
38	0.002576871928
39	0.00257044496
40	0.002564360129
41	0.002559716075
42	0.00255411749
43	0.002548722471
44	0.002543507516
45	0.002538731724
46	0.002533976611
47	0.0025296471
48	0.002525383529
49	0.002522347231
50	0.002519274152
51	0.002515387207
52	0.002511786281
53	0.002509124734
54	0.002506127492
55	0.002502770009
56	0.002500665872
57	0.002498117335
58	0.002495456018
59	0.002492525892
60	0.002489899184
61	0.002487401759
62	0.002484918518
63	0.002482489983
64	0.002480182527
65	0.002478163116
66	0.002475995916
67	0.002473777517
68	0.00247217192
69	0.002470443593
70	0.002468646743
71	0.002467216353
72	0.002465896827
73	0.002464249723
74	0.002462668639
75	0.002461156743
76	0.002459736548
77	0.002458692247
78	0.002457654534
79	0.002456080559
80	0.002454947464
81	0.002453687405
82	0.002452552338
83	0.002451715496
84	0.002450717414
85	0.002449655532
86	0.00244888505
87	0.002448022198
88	0.00244702824
89	0.002446285909
90	0.002445375413
91	0.002444290449
92	0.002443645681
93	0.002443064701
94	0.002442468619
95	0.002441855764
96	0.002441196208
97	0.002440480294
98	0.002439816754
99	0.002438937384
100	0.002438512709
101	0.002437540297
102	0.002436946665
103	0.002436402994
104	0.002436005593
105	0.00243547514
106	0.002434768419
107	0.002434305405
108	0.002433937366
109	0.002433444521
110	0.002432693687
111	0.002432343223
112	0.002431970971
113	0.002431588124
114	0.002431025282
115	0.002430748401
116	0.002430381751
117	0.002430018459
118	0.002429751424
119	0.002429409192
120	0.002428936315
121	0.002428553602
122	0.002428280816
123	0.002427940111
124	0.002427693381
125	0.002427430581
126	0.002427083798
127	0.002426743912
128	0.002426513568
129	0.002426318221
130	0.002426152345
131	0.002425955076
132	0.002425745897
133	0.002425523209
134	0.002425333594
135	0.002425151542
136	0.002424923683
137	0.002424721756
138	0.002424468564
139	0.002424159151
140	0.002424063833
141	0.00242388811
142	0.002423786106
143	0.002423640802
144	0.002423555233
145	0.002423413231
146	0.002423331757
147	0.002423245483
148	0.002423176256
149	0.002423046397
150	0.00242297502
151	0.002422904733
152	0.002422792872
153	0.002422728328
154	0.002422609319
155	0.002422478172
156	0.002422420108
157	0.002422317394
158	0.002422262405
159	0.002422112979
160	0.002422065203
161	0.002421850143
162	0.002421778735
163	0.002421642701
164	0.002421404363
165	0.002421347518
166	0.002421092911
167	0.002421054149
168	0.002420865487
169	0.002420809481
170	0.002420720812
171	0.002420688697
172	0.002420660286
173	0.00242062016
174	0.002420591246
175	0.002420585991
176	0.002420580958
177	0.002420543021
178	0.002420513534
179	0.00242042013
180	0.002420395275
181	0.002420363785
182	0.002420329725
183	0.002420289778
184	0.00242024979
185	0.002420230663
186	0.002420011705
187	0.002419984668
188	0.002419929414
189	0.002419913019
190	0.002419776054
191	0.002419760027
192	0.002419619983
193	0.002419605525
194	0.002419514301
195	0.002419412293
196	0.002419395481
197	0.002419376621
198	0.002419352247
199	0.00241934162
200	0.002419325359
201	0.002419315003
202	0.002419273168
203	0.002419258197
204	0.002419246406
205	0.002419234303
206	0.002419222504
207	0.002419212896
208	0.00241920438
209	0.002419193731
210	0.002418961225
211	0.002418948876
212	0.002418936332
213	0.002418930058
214	0.002418921042
215	0.002418914619
216	0.002418904751
217	0.002418895873
218	0.002418886351
219	0.002418879071
220	0.002418874012
221	0.002418780478
222	0.002418771051
223	0.002418702742
224	0.002418684506
225	0.002418680628
226	0.002418675212
227	0.00241867134
228	0.002418667954
229	0.002418663857
230	0.002418556559
231	0.002418555861
232	0.002418552478
233	0.002418544963
234	0.002418540804
235	0.002418537863
236	0.002418530065
237	0.002418524258
238	0.002418521311
239	0.002418519027
240	0.002418239272
241	0.002418190964
242	0.002418188529
243	0.002418184595
244	0.002418181482
245	0.002418179617
246	0.002418176729
247	0.002418175023
248	0.002418168196
249	0.002418163067
250	0.002418161476
251	0.002418156381
252	0.002418154058
253	0.002418152174
254	0.002418023942
255	0.002418020027
256	0.002418018908
257	0.00241801696
258	0.002418015236
259	0.002418013723
260	0.00241801091
261	0.002418009654
262	0.002418007343
263	0.002418003434
264	0.002418002029
265	0.002418000112
266	0.002417999245
267	0.002417995313
268	0.002417993503
269	0.002417991323
270	0.002417985929
271	0.002417985215
272	0.002417982446
273	0.002417981066
274	0.002417980229
275	0.002417977253
276	0.00241797632
277	0.002417921878
278	0.002417912308
279	0.002417911434
280	0.002417864716
281	0.002417863164
282	0.002417862711
283	0.002417862302
284	0.002417860199
285	0.00241778691
286	0.002417785618
287	0.002417782295
288	0.002417750443
289	0.002417747671
290	0.002417745757
291	0.002417745285
292	0.00241774432
293	0.002417632276
294	0.002417623032
295	0.002417621905
296	0.002417621117
297	0.002417619803
298	0.00241761677
299	0.002417333119
300	0.002417253367
301	0.002417252134
302	0.002417251442
303	0.00241724963
304	0.002417249197
305	0.002417220661
306	0.002417220235
307	0.002417219227
308	0.002417214936
309	0.002417213887
310	0.00241720888
311	0.002417208595
312	0.002416973435
313	0.002416972181
314	0.002416971824
315	0.002416971671
316	0.002416969344
317	0.002416969095
318	0.002416966571
319	0.002416965728
320	0.00241696539
321	0.002416964233
322	0.002416963246
323	0.00241695482
324	0.002416954499
325	0.002416954142
326	0.002416953906
327	0.002416953685
328	0.002416953441
329	0.002416953338
330	0.002416737472
331	0.002416737264
332	0.002416737069
333	0.002416704901
334	0.002416704432
335	0.002416704103
336	0.002416702749
337	0.00241670125
338	0.002416700361
339	0.002416699461
340	0.002416699131
341	0.002416695964
342	0.002416695917
343	0.002416695357
344	0.002416695256
345	0.002416694382
346	0.002416674997
347	0.002416673256
348	0.002416670599
349	0.002416668771
350	0.002416661573
351	0.002416661007
352	0.002416660934
353	0.002416660759
354	0.002416660257
355	0.002416659472
356	0.002416658891
357	0.002416658289
358	0.002416657586
359	0.00241665758
360	0.002416657257
361	0.002416657235
362	0.002416656593
363	0.00241665593
364	0.002416649745
365	0.00241664969
366	0.002416648768
367	0.002416645437
368	0.002416636595
369	0.002416635978
370	0.002416635524
371	0.00241663533
372	0.002416635216
373	0.002416634531
374	0.002416634357
375	0.00241663376
376	0.002416633213
377	0.00241663312
378	0.00241663294
379	0.00241663274
380	0.002416632345
381	0.0024166242
382	0.002416624091
383	0.002416624006
384	0.002416623891
385	0.002416623211
386	0.00241662308
387	0.002416354754
388	0.002416354654
389	0.002416354446
390	0.002416354134
391	0.002416346558
392	0.002416346402
393	0.00241634626
394	0.002416346258
395	0.002416321383
396	0.002416321175
397	0.002416316443
398	0.002416312598
399	0.00241630018
400	0.002416300035
401	0.002416299866
402	0.00241629974
403	0.002416299535
404	0.002416285454
405	0.002416280767
406	0.002416280639
407	0.002416280566
408	0.00241627913
409	0.002416279022
410	0.002416278948
411	0.002416278435
412	0.00241627208
413	0.002416271959
414	0.002416038468
415	0.002416037082
416	0.002416036871
417	0.002416036783
418	0.002416036723
419	0.002416029894
420	0.00241602989
421	0.002416029764
422	0.002416029513
423	0.002416029512
424	0.002416022853
425	0.002416022844
426	0.002416021512
427	0.002415701592
428	0.002415701516
429	0.002415701227
430	0.002415701137
431	0.002415691583
432	0.002415691516
433	0.002415691454
434	0.002415683351
435	0.00241568308
436	0.002415683023
437	0.002415682962
438	0.00241548191
439	0.002415481814
440	0.002415472568
441	0.002415472563
442	0.002415472559
443	0.002415472553
444	0.002415472546
445	0.002415472544
446	0.00241547247
447	0.00241547241
448	0.002415472221
449	0.002415472211
450	0.002415472209
451	0.002415472199
452	0.002415472117
453	0.00241547204
454	0.002415472037
455	0.002415472035
456	0.002415472033
457	0.002415472008
458	0.002415471991
459	0.00241547199
460	0.002415471987
461	0.002415471987
462	0.002415471985
463	0.002415471983
464	0.002415471978
465	0.002415471976
466	0.002415471901
467	0.002415471898
468	0.002415471896
469	0.002415471896
470	0.002415471828
471	0.002415471763
472	0.002415471762
473	0.002415471753
474	0.00241547147
475	0.00241547144
476	0.002415471344
477	0.002415471343
478	0.002415471341
479	0.00241547134
480	0.002415471308
481	0.002415471301
482	0.0024154713
483	0.002415471299
484	0.002415471298
485	0.002415471297
486	0.002415471293
487	0.002415471271
488	0.002415471266
489	0.002415471266
490	0.002415471265
491	0.002415471262
492	0.002415471178
493	0.002415471176
494	0.002415471175
495	0.002415471175
496	0.002415471157
497	0.002415471156
498	0.002415471156
499	0.002415471156
500	0.002415471155
501	0.002415471155
502	0.002415471154
503	0.002415471151
504	0.00241547115
505	0.00241547115
506	0.002415471148
507	0.002415471148
508	0.002415471148
509	0.002415471147
510	0.002415471147
511	0.002415471147
512	0.002415471121
513	0.002415471121
514	0.00241547112
515	0.00241547112
516	0.00241547112
517	0.00241547112
518	0.00241547112
519	0.002415471117
520	0.002415471117
521	0.002415471117
522	0.002415471117
523	0.002415471117
524	0.002415471116
525	0.002415471116
526	0.002415471116
527	0.002415471116
528	0.002415471113
529	0.002415471106
530	0.002415471106
531	0.002415471105
532	0.002415471105
533	0.002415471105
534	0.002415471105
535	0.0024154711
536	0.002415471097
537	0.002415471097
538	0.002415471097
539	0.002415471096
540	0.002415471096
541	0.002415471096
542	0.002415471096
543	0.002415471095
544	0.002415471095
545	0.002415471095
546	0.002415471095
547	0.002415471095
548	0.002415471095
549	0.002415471094
550	0.002415471094
551	0.002415471093
552	0.002415471093
553	0.002415471093
554	0.002415471036
555	0.002415471036
556	0.002415471036
557	0.002415471011
558	0.002415470955
559	0.002415470955
560	0.002415470954
561	0.002415470954
562	0.002415470954
563	0.002415470954
564	0.002415470954
565	0.002415470954
566	0.002415470954
567	0.002415470954
568	0.002415470954
569	0.002415470949
570	0.002415470947
571	0.002415470733
572	0.002415470733
573	0.002415470733
574	0.002415470733
575	0.002415470732
576	0.002415470732
577	0.002415470731
578	0.002415470731
579	0.002415470731
580	0.002415470731
581	0.002415470731
582	0.002415470731
583	0.002415470652
584	0.00241547065
585	0.00241547065
586	0.00241547065
587	0.002415470649
588	0.002415470649
589	0.002415470649
590	0.002415470648
591	0.002415470646
592	0.002415470646
593	0.002415470645
594	0.00241547064
595	0.002415464736
596	0.002415464736
597	0.002415464732
598	0.002415464732
599	0.002415464723
600	0.002415464648
601	0.002415464443
602	0.002415464443
603	0.002415464443
604	0.002415464442
605	0.002415464442
606	0.002415464442
607	0.002415464434
608	0.002415464434
609	0.002415464433
610	0.002415464432
611	0.002415464431
612	0.002415464431
613	0.002415464431
614	0.002415464431
615	0.002415464431
616	0.002415464422
617	0.002415464422
618	0.002415464422
619	0.002415464422
620	0.002415464225
621	0.002415464225
622	0.002415464035
623	0.002415463963
624	0.002415463955
625	0.00241546392
626	0.002415463919
627	0.002415463885
628	0.002415463885
629	0.002415463885
630	0.002415463706
631	0.002415463705
632	0.002415463705
633	0.002415463705
634	0.002415463705
635	0.002415463704
636	0.002415463704
637	0.002415463704
638	0.002415463704
639	0.002415463532
640	0.002415463531
641	0.002415463531
642	0.00241546353
643	0.002415463529
644	0.002415463529
645	0.002415463529
646	0.002415463404
647	0.002415460267
648	0.002415460267
649	0.002415460266
650	0.002415460232
651	0.002415460232
652	0.002415460231
653	0.002415458916
654	0.002415458916
655	0.00241545883
656	0.00241545872
657	0.00241545872
658	0.002415458719
659	0.002415458649
660	0.002415458641
661	0.00241545864
662	0.002415458638
663	0.002415458637
664	0.002415458635
665	0.002415458557
666	0.002415458556
667	0.002415458556
668	0.002415458555
669	0.002415458553
670	0.002415458553
671	0.002415458486
672	0.002415458485
673	0.002415458484
674	0.002415458483
675	0.002415458483
676	0.002415458482
677	0.002415458481
678	0.00241545842
679	0.002415458419
680	0.002415458419
681	0.002415458411
682	0.002415458411
683	0.00241545841
684	0.00241545841
685	0.002415458409
686	0.002415458409
687	0.002415458409
688	0.002415458409
689	0.002415458409
690	0.002415458409
691	0.002415458408
692	0.002415458353
693	0.002415458353
694	0.002415458353
695	0.002415458353
696	0.002415458353
697	0.002415458353
698	0.002415458352
699	0.002415458352
700	0.002415458352
701	0.002415458352
702	0.002415458352
703	0.002415458352
704	0.002415458352
705	0.002415458351
706	0.002415458351
707	0.002415458351
708	0.002415458351
709	0.002415458351
710	0.002415458351
711	0.002415458351
712	0.002415458351
713	0.002415458351
714	0.002415458304
715	0.002415458304
716	0.002415458304
717	0.002415458304
718	0.002415458304
719	0.002415458304
720	0.002415458304
721	0.002415458304
722	0.002415458304
723	0.002415458303
724	0.002415458303
725	0.002415458303
726	0.002415458303
727	0.002415458303
728	0.002415458299
729	0.002415458299
730	0.002415458299
731	0.002415458299
732	0.002415458299
733	0.002415458299
734	0.002415458299
735	0.002415458299
736	0.002415458299
737	0.002415458299
738	0.002415458299
739	0.002415458299
740	0.002415458298
741	0.002415458298
742	0.002415458298
743	0.002415458298
744	0.002415458298
745	0.002415458298
746	0.002415458298
747	0.002415458298
748	0.002415458298
749	0.002415458298
750	0.002415458298
751	0.002415458298
752	0.002415458298
753	0.002415458298
754	0.002415458298
755	0.002415458298
756	0.002415458298
757	0.002415458298
758	0.002415458091
759	0.002415458091
760	0.002415458091
761	0.002415458091
762	0.002415458084
763	0.002415458084
764	0.002415458084
765	0.002415458076
766	0.002415458076
767	0.002415458076
768	0.002415458076
769	0.002415458064
770	0.002415458064
771	0.002415458064
772	0.002415458064
773	0.002415458064
774	0.002415458064
775	0.002415458064
776	0.002415458057
777	0.002415458057
778	0.002415458057
779	0.002415458057
780	0.002415458057
781	0.002415458057
782	0.002415458057
783	0.002415458057
784	0.002415458057
785	0.002415458057
786	0.002415458057
787	0.002415458057
788	0.002415458057
789	0.002415458057
790	0.002415458057
791	0.002415458057
792	0.002415458057
793	0.002415458057
794	0.002415458057
795	0.002415458057
796	0.002415458057
797	0.002415458057
798	0.002415458057
799	0.002415458057
800	0.002415458057
801	0.002415458057
802	0.002415458057
803	0.002415458057
804	0.002415458057
805	0.002415458057
806	0.002415458057
807	0.002415458057
808	0.002415458057
809	0.002415458057
810	0.002415458057
811	0.002415458057
812	0.002415458057
813	0.002415458057
814	0.002415458057
815	0.002415458057
816	0.002415458057
817	0.002415458057
818	0.002415458044
819	0.002415458044
820	0.002415458044
821	0.002415458044
822	0.002415458044
823	0.002415458044
824	0.002415458044
825	0.002415458037
826	0.002415458037
827	0.002415458037
828	0.002415458037
829	0.002415458037
830	0.002415458037
831	0.002415458037
832	0.002415458037
833	0.002415458037
834	0.002415458037
835	0.002415458037
836	0.002415458037
837	0.002415458037
838	0.002415458037
839	0.002415458027
840	0.002415458027
841	0.002415458027
842	0.002415458027
843	0.002415458027
844	0.002415458027
845	0.002415458027
846	0.002415458027
847	0.002415458027
848	0.002415458027
849	0.002415458027
850	0.002415458027
851	0.002415458027
852	0.002415458027
853	0.002415458027
854	0.002415458027
855	0.002415458027
856	0.002415458027
857	0.002415458027
858	0.002415458027
859	0.002415458027
860	0.002415458027
861	0.002415458027
862	0.002415458027
863	0.002415458027
864	0.002415458027
865	0.002415458027
866	0.002415458027
867	0.002415458027
868	0.002415458027
869	0.002415458027
870	0.002415458027
871	0.002415458027
872	0.002415458027
873	0.002415458027
874	0.002415458027
875	0.002415458027
876	0.002415458027
877	0.002415458027
878	0.002415458027
879	0.002415458027
880	0.002415458027
881	0.002415458027
882	0.002415458027
883	0.002415458027
884	0.002415458027
885	0.002415458027
886	0.002415458027
887	0.002415458027
888	0.002415457827
889	0.002415457827
890	0.002415457827
891	0.002415457827
892	0.002415457827
893	0.002415457827
894	0.002415457827
895	0.002415457827
896	0.002415457827
897	0.002415457827
898	0.002415457827
899	0.002415457827
900	0.002415457827
901	0.002415457827
902	0.002415457827
903	0.002415457827
904	0.002415457827
905	0.002415457827
906	0.002415457827
907	0.002415457827
908	0.002415457827
909	0.002415457827
910	0.002415457827
911	0.002415457827
912	0.002415457827
913	0.002415457827
914	0.002415457827
915	0.002415457827
916	0.002415457675
917	0.002415457675
918	0.002415457675
919	0.002415457675
920	0.002415457675
921	0.002415457675
922	0.002415457675
923	0.002415457675
924	0.002415457675
925	0.002415457675
926	0.002415457675
927	0.002415457675
928	0.002415457675
929	0.002415457675
930	0.002415457675
931	0.002415457675
932	0.002415457675
933	0.002415457675
934	0.002415457675
935	0.002415457675
936	0.002415457675
937	0.002415457675
938	0.002415457675
939	0.002415457675
940	0.002415457675
941	0.002415457675
942	0.002415457675
943	0.002415457675
944	0.002415457675
945	0.002415457675
946	0.002415457675
947	0.002415457667
948	0.002415457667
949	0.002415457665
950	0.002415457665
951	0.002415457665
952	0.002415457665
953	0.002415457665
954	0.002415457519
955	0.002415457519
956	0.002415457515
957	0.002415457515
958	0.002415457515
959	0.002415457515
960	0.002415457515
961	0.002415457515
962	0.002415457515
963	0.002415457515
964	0.002415457514
965	0.002415457514
966	0.002415457514
967	0.002415457514
968	0.002415457514
969	0.002415457393
970	0.002415457393
971	0.002415457283
972	0.002415457283
973	0.002415457283
974	0.002415457238
975	0.002415457238
976	0.002415457238
977	0.002415457238
978	0.002415457238
979	0.002415457238
980	0.002415457238
981	0.002415457238
982	0.002415457238
983	0.002415457238
984	0.002415457238
985	0.002415457238
986	0.002415457238
987	0.002415457238
988	0.002415457238
989	0.002415457238
990	0.002415457238
991	0.002415457237
992	0.002415457237
993	0.002415457237
994	0.002415457237
995	0.002415457237
996	0.002415457231
997	0.002415457231
998	0.002415457231
999	0.002415457231
1000	0.002415457226
1001	0.002415457226
1002	0.002415457226
1003	0.002415457226
1004	0.002415457119
1005	0.002415457119
1006	0.002415457116
1007	0.002415457116
1008	0.002415457116
1009	0.002415457116
1010	0.002415457116
1011	0.002415457116
1012	0.002415457061
1013	0.002415457061
1014	0.00241545706
1015	0.00241545706
1016	0.00241545706
1017	0.00241545706
1018	0.00241545706
1019	0.00241545706
1020	0.00241545706
1021	0.00241545706
1022	0.00241545706
1023	0.00241545706
1024	0.00241545706
1025	0.00241545706
1026	0.00241545706
1027	0.00241545706
1028	0.00241545706
1029	0.00241545706
1030	0.00241545706
1031	0.00241545706
1032	0.00241545706
1033	0.00241545706
1034	0.00241545706
1035	0.00241545706
1036	0.00241545706
1037	0.00241545706
1038	0.00241545706
1039	0.00241545706
1040	0.00241545706
1041	0.00241545706
1042	0.00241545706
1043	0.00241545706
1044	0.00241545706
1045	0.002415456947
1046	0.002415456947
1047	0.002415456947
1048	0.002415456947
1049	0.002415456947
1050	0.002415456947
1051	0.002415456947
1052	0.002415456947
1053	0.00241545687
1054	0.00241545687
1055	0.00241545687
1056	0.00241545683
1057	0.002415456797
1058	0.002415456736
1059	0.002415456736
1060	0.002415456736
1061	0.002415456706
1062	0.002415456705
1063	0.002415456676
1064	0.002415456676
1065	0.002415455865
1066	0.002415455864
1067	0.002415455864
1068	0.00241545586
1069	0.002415455856
1070	0.002415451258
1071	0.002415451258
1072	0.002415451226
1073	0.002415451223
1074	0.002415451221
1075	0.00241545122
1076	0.002415451219
1077	0.002415451116
1078	0.002415451086
1079	0.002415451085
1080	0.002415451032
1081	0.002415451031
1082	0.002415451031
1083	0.00241545103
1084	0.002415451029
1085	0.002415450916
1086	0.002415450865
1087	0.002415450865
1088	0.002415450864
1089	0.002415450864
1090	0.002415450864
1091	0.002415450864
1092	0.002415450864
1093	0.002415450864
1094	0.002415450864
1095	0.002415450863
1096	0.002415450863
1097	0.002415450863
1098	0.002415450862
1099	0.002415450813
1100	0.002415450812
1101	0.002415450721
1102	0.00241545072
1103	0.00241545072
1104	0.00241545072
1105	0.00241545072
1106	0.002415450695
1107	0.002415450695
1108	0.002415450672
1109	0.002415449793
1110	0.002415449763
1111	0.002415449762
1112	0.002415449732
1113	0.002415449729
1114	0.002415449726
1115	0.002415449726
1116	0.002415449699
1117	0.002415449695
1118	0.002415449693
1119	0.002415449693
1120	0.002415449691
1121	0.002415449587
1122	0.002415449585
1123	0.002415449583
1124	0.002415449582
1125	0.002415449486
1126	0.002415448689
1127	0.002415448688
1128	0.002415448676
1129	0.002415448675
1130	0.002415448675
1131	0.002415448567
1132	0.002415448567
1133	0.00241544856
1134	0.002415448553
1135	0.002415448548
1136	0.002415448448
1137	0.002415448225
1138	0.00241544822
1139	0.002415448131
1140	0.002415448131
1141	0.002415448045
1142	0.002415448042
1143	0.002415447006
1144	0.002415447004
1145	0.00241544699
1146	0.002415446983
1147	0.002415446978
1148	0.002415446974
1149	0.002415446929
1150	0.002415446928
1151	0.002415446926
1152	0.002415446924
1153	0.002415446923
1154	0.002415446921
1155	0.002415446917
1156	0.002415446916
1157	0.002415446913
1158	0.002415446909
1159	0.002415446906
1160	0.002415446902
1161	0.002415446899
1162	0.002415446872
1163	0.00241544687
1164	0.002415446867
1165	0.002415446865
1166	0.002415446863
1167	0.002415446861
1168	0.002415446859
1169	0.002415446858
1170	0.002415446856
1171	0.002415446855
1172	0.002415446849
1173	0.002415446849
1174	0.002415446848
1175	0.002415446848
1176	0.002415446759
1177	0.002415446735
1178	0.002415446734
1179	0.002415446733
1180	0.002415446733
1181	0.002415446732
1182	0.002415446088
1183	0.002415446086
1184	0.00241544608
1185	0.002415445983
1186	0.002415445977
1187	0.002415445972
1188	0.002415445972
1189	0.002415445969
1190	0.002415445965
1191	0.002415445965
1192	0.002415445965
1193	0.002415445965
1194	0.00241544596
1195	0.002415445956
1196	0.002415445867
1197	0.002415445867
1198	0.002415445863
1199	0.00241544586
1200	0.002415445857
1201	0.002415445854
1202	0.002415445851
1203	0.002415445849
1204	0.002415445846
1205	0.002415445808
1206	0.002415445806
1207	0.0024154458
1208	0.002415445794
1209	0.002415445792
1210	0.00241544579
1211	0.00241544579
1212	0.002415445787
1213	0.002415445785
1214	0.002415445784
1215	0.002415445782
1216	0.002415445782
1217	0.00241544578
1218	0.00241544578
1219	0.002415445779
1220	0.002415445779
1221	0.002415445777
1222	0.002415445776
1223	0.002415445776
1224	0.002415445775
1225	0.002415445774
1226	0.002415445774
1227	0.002415445773
1228	0.002415445772
1229	0.002415445771
1230	0.002415445695
1231	0.002415445694
1232	0.002415445694
1233	0.002415445694
1234	0.002415445694
1235	0.002415445694
1236	0.002415445693
1237	0.002415445693
1238	0.002415445693
1239	0.002415445693
1240	0.002415445693
1241	0.002415445692
1242	0.002415445692
1243	0.002415445627
1244	0.00241544559
1245	0.00241544559
1246	0.002415444942
1247	0.002415444937
1248	0.002415444933
1249	0.002415444929
1250	0.002415444925
1251	0.002415444921
1252	0.002415444918
1253	0.002415444915
1254	0.002415444911
1255	0.002415444908
1256	0.002415444906
1257	0.002415444903
1258	0.002415444903
1259	0.0024154449
1260	0.002415444898
1261	0.002415444895
1262	0.002415444893
1263	0.002415444891
1264	0.002415444889
1265	0.002415444887
1266	0.002415444887
1267	0.002415444886
1268	0.002415444885
1269	0.002415444885
1270	0.002415444884
1271	0.0024154448
1272	0.0024154448
1273	0.002415444799
1274	0.002415444797
1275	0.002415444796
1276	0.002415444796
1277	0.002415444728
1278	0.002415444727
1279	0.002415444727
1280	0.002415444726
1281	0.002415444101
1282	0.002415444016
1283	0.002415444011
1284	0.002415444006
1285	0.002415444001
1286	0.002415443997
1287	0.002415443993
1288	0.002415443991
1289	0.002415443987
1290	0.002415443983
1291	0.00241544398
1292	0.002415443898
1293	0.002415443895
1294	0.002415443892
1295	0.002415443889
1296	0.002415443887
1297	0.002415443887
1298	0.002415443886
1299	0.002415443884
1300	0.002415443881
1301	0.002415443809
1302	0.002415443808
1303	0.002415443808
1304	0.002415443808
1305	0.002415443806
1306	0.002415443805
1307	0.002415443804
1308	0.002415443803
1309	0.002415443803
1310	0.002415443802
1311	0.002415443802
1312	0.002415443802
1313	0.002415443801
1314	0.0024154438
1315	0.0024154438
1316	0.0024154438
1317	0.002415443799
1318	0.002415443798
1319	0.002415443172
1320	0.002415443141
1321	0.002415443059
1322	0.002415443059
1323	0.002415443055
1324	0.002415443055
1325	0.002415443051
1326	0.002415443047
1327	0.002415443044
1328	0.00241544304
1329	0.002415442966
1330	0.002415442963
1331	0.002415442961
1332	0.002415442959
1333	0.002415442957
1334	0.002415442956
1335	0.002415442955
1336	0.002415442953
1337	0.002415442951
1338	0.00241544295
1339	0.002415442949
1340	0.002415437131
1341	0.00241543713
1342	0.002415437129
1343	0.002415437129
1344	0.002415437129
1345	0.002415437128
1346	0.002415437127
1347	0.002415437127
1348	0.002415437124
1349	0.002415437123
1350	0.00241543712
1351	0.00241543712
1352	0.002415435544
1353	0.002415435544
1354	0.002415435544
1355	0.002415434917
1356	0.002415434915
1357	0.002415434912
1358	0.002415434912
1359	0.002415434911
1360	0.002415434908
1361	0.002415434905
1362	0.002415434903
1363	0.002415434903
1364	0.002415434901
1365	0.002415434899
1366	0.002415434899
1367	0.002415434896
1368	0.002415434894
1369	0.002415434893
1370	0.002415434889
1371	0.002415434882
1372	0.002415434882
1373	0.002415434881
1374	0.002415434879
1375	0.002415434874
1376	0.002415434873
1377	0.002415434872
1378	0.002415430528
1379	0.002415430467
1380	0.002415430466
1381	0.002415430465
1382	0.002415430464
1383	0.002415430464
1384	0.002415430463
1385	0.002415430463
1386	0.002415430463
1387	0.002415430462
1388	0.002415430462
1389	0.002415430461
1390	0.002415430461
1391	0.002415430461
1392	0.00241543046
1393	0.00241543046
1394	0.002415430457
1395	0.002415430457
1396	0.002415430457
1397	0.002415430456
1398	0.002415430456
1399	0.002415430456
1400	0.002415429293
1401	0.002415429292
1402	0.002415429292
1403	0.002415429292
1404	0.002415429291
1405	0.002415429291
1406	0.002415429286
1407	0.002415429285
1408	0.002415429247
1409	0.002415429245
1410	0.002415429242
1411	0.002415429242
1412	0.002415429241
1413	0.002415429241
1414	0.002415429241
1415	0.002415429241
1416	0.002415429234
1417	0.002415429233
1418	0.002415429232
1419	0.002415429167
1420	0.002415429166
1421	0.002415429164
1422	0.002415429163
1423	0.002415429162
1424	0.002415429149
1425	0.002415429148
1426	0.002415429148
1427	0.002415429147
1428	0.002415429147
1429	0.002415429146
1430	0.002415429145
1431	0.002415429144
1432	0.002415429143
1433	0.002415429141
1434	0.00241542914
1435	0.00241542914
1436	0.002415429139
1437	0.002415429139
1438	0.002415429138
1439	0.002415429138
1440	0.002415429138
1441	0.002415429136
1442	0.002415429136
1443	0.002415429135
1444	0.002415429135
1445	0.002415429134
1446	0.002415429134
1447	0.002415429133
1448	0.002415429133
1449	0.002415429133
1450	0.002415429132
1451	0.002415429132
1452	0.002415429132
1453	0.002415429132
1454	0.002415429125
1455	0.002415429125
1456	0.002415429125
1457	0.002415429125
1458	0.002415429124
1459	0.002415429124
1460	0.002415429124
1461	0.002415429124
1462	0.002415429124
1463	0.002415429124
1464	0.002415429124
1465	0.002415429124
1466	0.002415429124
1467	0.002415429123
1468	0.002415429123
1469	0.002415429123
1470	0.002415429123
1471	0.002415429123
1472	0.002415429123
1473	0.002415429122
1474	0.002415429122
1475	0.002415429122
1476	0.002415429122
1477	0.002415429122
1478	0.002415429121
1479	0.002415429121
1480	0.002415429114
1481	0.002415429114
1482	0.002415429114
1483	0.002415429114
1484	0.002415429114
1485	0.002415429114
1486	0.002415429114
1487	0.002415429114
1488	0.002415429113
1489	0.002415429113
1490	0.002415429112
1491	0.002415429112
1492	0.002415429112
1493	0.002415429112
1494	0.002415429112
1495	0.002415429112
1496	0.002415425291
1497	0.002415425291
1498	0.00241542529
1499	0.00241542529
1500	0.00241542529
1501	0.00241542529
1502	0.002415424302
1503	0.002415424302
1504	0.002415424302
1505	0.002415424301
1506	0.002415424301
1507	0.002415424301
1508	0.002415424301
1509	0.002415424301
1510	0.002415424301
1511	0.002415424301
1512	0.002415423358
1513	0.002415423358
1514	0.002415423357
1515	0.002415423357
1516	0.002415423357
1517	0.002415423357
1518	0.002415423356
1519	0.002415423356
1520	0.002415423356
1521	0.002415423356
1522	0.002415423356
1523	0.002415423356
1524	0.002415423356
1525	0.002415423356
1526	0.002415423356
1527	0.002415423356
1528	0.002415423356
1529	0.002415423355
1530	0.002415423355
1531	0.002415423355
1532	0.002415423355
1533	0.002415423355
1534	0.002415423355
1535	0.002415423355
1536	0.002415423355
1537	0.002415423355
1538	0.002415423355
1539	0.002415423355
1540	0.002415423355
1541	0.002415423355
1542	0.002415423355
1543	0.002415423355
1544	0.002415423355
1545	0.002415423355
1546	0.002415423355
1547	0.002415423355
1548	0.002415423355
1549	0.002415423355
1550	0.002415423355
1551	0.002415423355
1552	0.002415423355
1553	0.002415423355
1554	0.002415423354
1555	0.002415423354
1556	0.002415423354
1557	0.002415423354
1558	0.002415423354
1559	0.002415423354
1560	0.002415423354
1561	0.002415423354
1562	0.002415423354
1563	0.002415423354
1564	0.002415423354
1565	0.002415423321
1566	0.002415423321
1567	0.002415423321
1568	0.002415423321
1569	0.002415423321
1570	0.002415423321
1571	0.002415423321
1572	0.002415423321
1573	0.002415423321
1574	0.002415423148
1575	0.00241542311
1576	0.00241542311
1577	0.002415423109
1578	0.002415423108
1579	0.002415423107
1580	0.002415423106
1581	0.002415423106
1582	0.002415423106
1583	0.002415422759
1584	0.002415422759
1585	0.002415422759
1586	0.002415422759
1587	0.002415422759
1588	0.002415422759
1589	0.002415422759
1590	0.002415422758
1591	0.002415422758
1592	0.002415422758
1593	0.002415422758
1594	0.002415422758
1595	0.002415422758
1596	0.002415422758
1597	0.002415422758
1598	0.002415422757
1599	0.002415422757
1600	0.002415422757
1601	0.002415422757
1602	0.002415422757
1603	0.002415422757
1604	0.002415422757
1605	0.002415422753
1606	0.002415422753
1607	0.002415422753
1608	0.002415422753
1609	0.002415422753
1610	0.002415422753
1611	0.002415422753
1612	0.002415422753
1613	0.002415422753
1614	0.002415422752
1615	0.002415422752
1616	0.002415422752
1617	0.002415422752
1618	0.002415422751
1619	0.002415422751
1620	0.002415422751
1621	0.002415422751
1622	0.002415422751
1623	0.002415422749
1624	0.002415422749
1625	0.002415422749
1626	0.002415422749
1627	0.002415422749
1628	0.002415422749
1629	0.002415422749
1630	0.002415422749
1631	0.002415422749
1632	0.002415422749
1633	0.002415422748
1634	0.002415422683
1635	0.002415422683
1636	0.002415422681
1637	0.002415422681
1638	0.002415422681
1639	0.002415422681
1640	0.002415422681
1641	0.002415422681
1642	0.002415422681
1643	0.00241542268
1644	0.00241542268
1645	0.00241542268
1646	0.00241542268
1647	0.00241542268
1648	0.00241542268
1649	0.00241542268
1650	0.00241542268
1651	0.00241542268
1652	0.00241542268
1653	0.00241542268
1654	0.00241542268
1655	0.00241542268
1656	0.00241542268
1657	0.00241542268
1658	0.002415422403
1659	0.002415422402
1660	0.0024154224
1661	0.002415422399
1662	0.002415422397
1663	0.002415422396
1664	0.002415422395
1665	0.002415422395
1666	0.002415422395
1667	0.002415422394
1668	0.002415422393
1669	0.002415422393
1670	0.002415422391
1671	0.002415422391
1672	0.002415422391
1673	0.002415422391
1674	0.00241542239
1675	0.002415422389
1676	0.002415422388
1677	0.002415422387
1678	0.002415422387
1679	0.002415422387
1680	0.002415422387
1681	0.002415422387
1682	0.002415422386
1683	0.002415422386
1684	0.002415422385
1685	0.002415422384
1686	0.002415422384
1687	0.002415422384
1688	0.002415420929
1689	0.002415420929
1690	0.002415420929
1691	0.002415420929
1692	0.002415420929
1693	0.002415420929
1694	0.002415420929
1695	0.002415420929
1696	0.002415420929
1697	0.002415420929
1698	0.002415420929
1699	0.002415420929
1700	0.002415420929
1701	0.002415420928
1702	0.002415420928
1703	0.002415420928
1704	0.002415420928
1705	0.002415420928
1706	0.002415420928
1707	0.002415420928
1708	0.002415420926
1709	0.002415420926
1710	0.002415420926
1711	0.002415420926
1712	0.002415420926
1713	0.002415420926
1714	0.002415420926
1715	0.002415420926
1716	0.002415420926
1717	0.002415420926
1718	0.002415420926
1719	0.002415420924
1720	0.002415420924
1721	0.002415420924
1722	0.002415420924
1723	0.002415420924
1724	0.002415420924
1725	0.002415420924
1726	0.002415420924
1727	0.002415420924
1728	0.002415420924
1729	0.002415420924
1730	0.002415420924
1731	0.002415420924
1732	0.002415420924
1733	0.002415420924
1734	0.002415420924
1735	0.002415420924
1736	0.002415420924
1737	0.002415420924
1738	0.002415420922
1739	0.002415420922
1740	0.002415420921
1741	0.002415420921
1742	0.002415420921
1743	0.002415420921
1744	0.002415420921
1745	0.002415420921
1746	0.002415420921
1747	0.002415420921
1748	0.002415420921
1749	0.002415420921
1750	0.002415420921
1751	0.002415420921
1752	0.002415420921
1753	0.00241542092
1754	0.00241542092
1755	0.00241542092
1756	0.00241542092
1757	0.00241542092
1758	0.002415420823
1759	0.002415420822
1760	0.002415420817
1761	0.002415420811
1762	0.002415420811
1763	0.00241542081
1764	0.00241542081
1765	0.002415420808
1766	0.002415420801
1767	0.002415420801
1768	0.002415420801
1769	0.0024154208
1770	0.002415420799
1771	0.002415420799
1772	0.002415420799
1773	0.002415420798
1774	0.002415420798
1775	0.002415420798
1776	0.002415420798
1777	0.002415420796
1778	0.002415420796
1779	0.002415420796
1780	0.002415420796
1781	0.002415420795
1782	0.002415420795
1783	0.002415420795
1784	0.002415420795
1785	0.002415420793
1786	0.002415420793
1787	0.002415420793
1788	0.002415420792
1789	0.002415420792
1790	0.002415420792
1791	0.002415420792
1792	0.002415420789
1793	0.002415420788
1794	0.002415420788
1795	0.002415420788
1796	0.002415420788
1797	0.002415420788
1798	0.002415420788
1799	0.002415420787
1800	0.002415420787
1801	0.002415420787
1802	0.002415420787
1803	0.002415420786
1804	0.002415420786
1805	0.002415420786
1806	0.002415420786
1807	0.002415420786
1808	0.002415420785
1809	0.002415420785
1810	0.002415420785
1811	0.002415420785
1812	0.002415420785
1813	0.002415420784
1814	0.002415420784
1815	0.002415420784
1816	0.002415420784
1817	0.002415420784
1818	0.002415420782
1819	0.002415420781
1820	0.002415420781
1821	0.002415420781
1822	0.002415420781
1823	0.002415420781
1824	0.00241542078
1825	0.00241542078
1826	0.00241542078
1827	0.002415420778
1828	0.002415420778
1829	0.002415420777
1830	0.002415420641
1831	0.00241542064
1832	0.00241542064
1833	0.00241542064
1834	0.002415420639
1835	0.002415420639
1836	0.002415420639
1837	0.002415420639
1838	0.002415420639
1839	0.002415420639
1840	0.002415420639
1841	0.002415420639
1842	0.002415420639
1843	0.002415420639
1844	0.002415420638
1845	0.002415420638
1846	0.002415420638
1847	0.002415420638
1848	0.002415420638
1849	0.002415420638
1850	0.002415420638
1851	0.002415420638
1852	0.002415420638
1853	0.002415420638
1854	0.002415420638
1855	0.002415420638
1856	0.002415420638
1857	0.002415420638
1858	0.002415420637
1859	0.002415420633
1860	0.002415420633
1861	0.002415420633
1862	0.002415420633
1863	0.002415420353
1864	0.002415420352
1865	0.002415420351
1866	0.002415420349
1867	0.002415420348
1868	0.002415420348
1869	0.002415420348
1870	0.002415420347
1871	0.002415420347
1872	0.002415419593
1873	0.002415419593
1874	0.002415419592
1875	0.002415419592
1876	0.002415419592
1877	0.002415419592
1878	0.002415419591
1879	0.002415419591
1880	0.002415419591
1881	0.002415419591
1882	0.002415419591
1883	0.002415419591
1884	0.002415419589
1885	0.002415419589
1886	0.002415419588
1887	0.002415419588
1888	0.002415419588
1889	0.002415419588
1890	0.002415419588
1891	0.002415419588
1892	0.002415419588
1893	0.002415419588
1894	0.002415419587
1895	0.002415419587
1896	0.002415419587
1897	0.002415419587
1898	0.002415419587
1899	0.002415419587
1900	0.002415419587
1901	0.002415419585
1902	0.002415419585
1903	0.002415419585
1904	0.002415419585
1905	0.002415419582
1906	0.002415419582
1907	0.002415419582
1908	0.002415419582
1909	0.002415419581
1910	0.002415419581
1911	0.002415419581
1912	0.002415419581
1913	0.002415419581
1914	0.002415419581
1915	0.00241541958
1916	0.00241541958
1917	0.00241541958
1918	0.00241541958
1919	0.00241541958
1920	0.00241541958
1921	0.00241541958
1922	0.00241541958
1923	0.00241541958
1924	0.00241541958
1925	0.002415419579
1926	0.002415419578
1927	0.002415419578
1928	0.002415417842
1929	0.002415417838
1930	0.002415417834
1931	0.002415417831
1932	0.002415417831
1933	0.002415417827
1934	0.002415417825
1935	0.002415417822
1936	0.002415417817
1937	0.002415417813
1938	0.002415417813
1939	0.002415417811
1940	0.002415417805
1941	0.002415417802
1942	0.0024154178
1943	0.002415417798
1944	0.002415417796
1945	0.002415417794
1946	0.002415417791
1947	0.002415417791
1948	0.002415417789
1949	0.002415417781
1950	0.002415417781
1951	0.00241541778
1952	0.002415417779
1953	0.002415417779
1954	0.002415417779
1955	0.002415417777
1956	0.002415417777
1957	0.002415417777
1958	0.002415417776
1959	0.002415417775
1960	0.002415417775
1961	0.002415417775
1962	0.002415417775
1963	0.002415417773
1964	0.002415417773
1965	0.002415417773
1966	0.002415417773
1967	0.002415417773
1968	0.002415417772
1969	0.002415417772
1970	0.002415417771
1971	0.002415402044
1972	0.002415402043
1973	0.002415402043
1974	0.002415402042
1975	0.002415401839
1976	0.002415401839
1977	0.002415401839
1978	0.002415401839
1979	0.002415401839
1980	0.002415401835
1981	0.002415401835
1982	0.002415401835
1983	0.002415401834
1984	0.002415401834
1985	0.002415401833
1986	0.002415401833
1987	0.002415401833
1988	0.002415401833
1989	0.002415401833
1990	0.002415401833
1991	0.002415401818
1992	0.002415401803
1993	0.002415401803
1994	0.002415401803
1995	0.002415401803
1996	0.002415401803
1997	0.002415401773
1998	0.002415401773
1999	0.002415401744
